{"cameraMode":{"drawMode":0,"name":"Shaded","section":"Shading Mode"},"sceneLighting":true,"audioPlay":false,"sceneViewState":{"m_AlwaysRefresh":false,"showFog":true,"showSkybox":true,"showFlares":true,"showImageEffects":true,"showParticleSystems":true,"showVisualEffectGraphs":true,"m_FxEnabled":true},"in2DMode":false,"pivot":{"x":-9.875417709350586,"y":-14.832544326782227,"z":16.88587188720703},"rotation":{"x":0.37515905499458315,"y":-0.10239595919847489,"z":0.04155180975794792,"w":0.9204616546630859},"size":18.042787551879884,"orthographic":false}