{"cameraMode":{"drawMode":0,"name":"Shaded","section":"Shading Mode"},"sceneLighting":true,"audioPlay":false,"sceneViewState":{"m_AlwaysRefresh":false,"showFog":true,"showSkybox":true,"showFlares":true,"showImageEffects":true,"showParticleSystems":true,"showVisualEffectGraphs":true,"m_FxEnabled":true},"in2DMode":false,"pivot":{"x":1.3492380380630494,"y":2.709982395172119,"z":0.03672665357589722},"rotation":{"x":-0.013714520260691643,"y":0.9858781695365906,"z":-0.11954168230295181,"w":-0.11772703379392624},"size":0.2329862117767334,"orthographic":false}