{"cameraMode":{"drawMode":0,"name":"Shaded","section":"Shading Mode"},"sceneLighting":true,"audioPlay":false,"sceneViewState":{"m_AlwaysRefresh":false,"showFog":true,"showSkybox":true,"showFlares":true,"showImageEffects":true,"showParticleSystems":true,"showVisualEffectGraphs":true,"m_FxEnabled":true},"in2DMode":false,"pivot":{"x":21.445995330810548,"y":23.58645248413086,"z":-37.615753173828128},"rotation":{"x":0.050210945308208469,"y":-0.9497588276863098,"z":0.22337974607944489,"w":0.21347245573997498},"size":17.17999267578125,"orthographic":false}