{"cameraMode":{"drawMode":0,"name":"Shaded","section":"Shading Mode"},"sceneLighting":true,"audioPlay":false,"sceneViewState":{"m_AlwaysRefresh":false,"showFog":true,"showSkybox":true,"showFlares":true,"showImageEffects":true,"showParticleSystems":true,"showVisualEffectGraphs":true,"m_FxEnabled":true},"in2DMode":false,"pivot":{"x":-25.690898895263673,"y":-22.27630615234375,"z":-26.291078567504884},"rotation":{"x":0.09744657576084137,"y":-0.8997949957847595,"z":0.33560681343078616,"w":0.2612667381763458},"size":41.210975646972659,"orthographic":false}